Iteration,Bacterium Count,Cyanobacteria Count,Cyanobacteria Movement Speed,Cyanobacteria Size,Cyanobacteria Mutation Chance,Cyanobacteria Metabolic Cost,Cyanobacteria Nutrition Efficiency,Cyanobacteria Reproductive Fervor,Cyanobacteria Lifespan,Cyanobacteria Evasiveness,Amoeba Count,Amoeba Movement Speed,Amoeba Size,Amoeba Mutation Chance,Amoeba Sensory Focus,Amoeba Metabolic Cost,Amoeba Attack Strength,Amoeba Reproductive Fervor,Amoeba Lifespan,Time Stamp
1,21,21,1.058335,0.9796913,1.065875,1.076703,1.056093,1.056806,1.022145,0.9828994,0,NaN,NaN,NaN,NaN,NaN,NaN,NaN,NaN,2023-01-24 7:24:52 AM
2,21,21,1.058335,0.9796913,1.065875,1.076703,1.056093,1.056806,1.022145,0.9828994,0,NaN,NaN,NaN,NaN,NaN,NaN,NaN,NaN,2023-01-24 7:24:52 AM
3,23,23,1.051685,0.9805295,1.064955,1.074289,1.060053,1.050696,1.023248,0.9751397,0,NaN,NaN,NaN,NaN,NaN,NaN,NaN,NaN,2023-01-24 7:24:52 AM
4,25,25,1.050572,0.9826077,1.05625,1.073337,1.058831,1.048064,1.021132,0.9773526,0,NaN,NaN,NaN,NaN,NaN,NaN,NaN,NaN,2023-01-24 7:24:52 AM
5,26,26,1.053702,0.9806179,1.053283,1.077073,1.062939,1.05521,1.01956,0.9745315,0,NaN,NaN,NaN,NaN,NaN,NaN,NaN,NaN,2023-01-24 7:24:52 AM
6,27,27,1.056238,0.981056,1.052954,1.080821,1.065526,1.050834,1.017627,0.9748496,0,NaN,NaN,NaN,NaN,NaN,NaN,NaN,NaN,2023-01-24 7:24:52 AM
7,30,30,1.056524,0.9813672,1.061893,1.094763,1.08372,1.044789,1.021521,0.9623336,0,NaN,NaN,NaN,NaN,NaN,NaN,NaN,NaN,2023-01-24 7:24:52 AM
8,30,30,1.058341,0.9812729,1.064332,1.097794,1.084675,1.0489,1.026173,0.9630672,0,NaN,NaN,NaN,NaN,NaN,NaN,NaN,NaN,2023-01-24 7:24:52 AM
9,31,31,1.064856,0.9816982,1.061718,1.102527,1.084766,1.052211,1.019885,0.9691774,0,NaN,NaN,NaN,NaN,NaN,NaN,NaN,NaN,2023-01-24 7:24:53 AM
10,32,32,1.06756,0.9760187,1.060802,1.098462,1.082117,1.053958,1.014813,0.9676737,0,NaN,NaN,NaN,NaN,NaN,NaN,NaN,NaN,2023-01-24 7:24:53 AM
11,34,34,1.0736,0.9737267,1.068433,1.100823,1.0804,1.057136,1.014129,0.9720668,0,NaN,NaN,NaN,NaN,NaN,NaN,NaN,NaN,2023-01-24 7:24:53 AM
12,35,35,1.069969,0.9737359,1.070146,1.096264,1.078148,1.058892,1.013463,0.970594,0,NaN,NaN,NaN,NaN,NaN,NaN,NaN,NaN,2023-01-24 7:24:53 AM
13,34,34,1.071495,0.9737858,1.072367,1.098895,1.080447,1.053265,1.012516,0.9700343,0,NaN,NaN,NaN,NaN,NaN,NaN,NaN,NaN,2023-01-24 7:24:53 AM
14,36,36,1.070294,0.9709123,1.067269,1.102315,1.091809,1.049372,1.007295,0.9582886,0,NaN,NaN,NaN,NaN,NaN,NaN,NaN,NaN,2023-01-24 7:24:53 AM
15,36,36,1.070294,0.9709123,1.067269,1.102315,1.091809,1.049372,1.007295,0.9582886,0,NaN,NaN,NaN,NaN,NaN,NaN,NaN,NaN,2023-01-24 7:24:53 AM
16,36,36,1.070294,0.9709123,1.067269,1.102315,1.091809,1.049372,1.007295,0.9582886,0,NaN,NaN,NaN,NaN,NaN,NaN,NaN,NaN,2023-01-24 7:24:53 AM
17,38,38,1.069227,0.9713575,1.06654,1.102267,1.092055,1.054321,1.009401,0.957471,0,NaN,NaN,NaN,NaN,NaN,NaN,NaN,NaN,2023-01-24 7:24:54 AM
18,41,41,1.069898,0.973329,1.07252,1.109835,1.101624,1.050685,1.006028,0.9515149,0,NaN,NaN,NaN,NaN,NaN,NaN,NaN,NaN,2023-01-24 7:24:54 AM
19,47,47,1.074857,0.9659814,1.065758,1.119479,1.114832,1.045611,1.008639,0.9382136,0,NaN,NaN,NaN,NaN,NaN,NaN,NaN,NaN,2023-01-24 7:24:54 AM
20,47,47,1.074857,0.9659814,1.065758,1.119479,1.114832,1.045611,1.008639,0.9382136,0,NaN,NaN,NaN,NaN,NaN,NaN,NaN,NaN,2023-01-24 7:24:54 AM
21,49,49,1.076898,0.9652483,1.059329,1.121921,1.116142,1.050707,1.009481,0.9382246,0,NaN,NaN,NaN,NaN,NaN,NaN,NaN,NaN,2023-01-24 7:24:54 AM
22,49,49,1.076898,0.9652483,1.059329,1.121921,1.116142,1.050707,1.009481,0.9382246,0,NaN,NaN,NaN,NaN,NaN,NaN,NaN,NaN,2023-01-24 7:24:54 AM
23,50,50,1.075668,0.9640595,1.056599,1.118747,1.115193,1.053757,1.005891,0.9366727,0,NaN,NaN,NaN,NaN,NaN,NaN,NaN,NaN,2023-01-24 7:24:54 AM
24,49,49,1.077589,0.9658877,1.05951,1.123611,1.116985,1.050478,1.009913,0.9387164,0,NaN,NaN,NaN,NaN,NaN,NaN,NaN,NaN,2023-01-24 7:24:55 AM
25,49,49,1.074681,0.9657689,1.067327,1.128305,1.12586,1.041852,1.017612,0.9299592,0,NaN,NaN,NaN,NaN,NaN,NaN,NaN,NaN,2023-01-24 7:24:55 AM
26,48,48,1.072187,0.9662091,1.060945,1.127403,1.127726,1.040347,1.016238,0.926651,0,NaN,NaN,NaN,NaN,NaN,NaN,NaN,NaN,2023-01-24 7:24:55 AM
27,49,49,1.071673,0.9662213,1.060725,1.126525,1.126298,1.041741,1.018866,0.9272695,0,NaN,NaN,NaN,NaN,NaN,NaN,NaN,NaN,2023-01-24 7:24:55 AM
28,47,47,1.067778,0.9648321,1.062711,1.124594,1.129201,1.037806,1.020797,0.9200843,0,NaN,NaN,NaN,NaN,NaN,NaN,NaN,NaN,2023-01-24 7:24:55 AM
29,45,45,1.067435,0.9660699,1.06089,1.130496,1.135224,1.034203,1.027998,0.9160811,0,NaN,NaN,NaN,NaN,NaN,NaN,NaN,NaN,2023-01-24 7:24:55 AM
30,45,45,1.072333,0.9703943,1.062372,1.139411,1.137497,1.03397,1.02604,0.9233964,0,NaN,NaN,NaN,NaN,NaN,NaN,NaN,NaN,2023-01-24 7:24:55 AM
31,42,42,1.067772,0.9749405,1.056484,1.146403,1.147705,1.03517,1.031669,0.9152395,0,NaN,NaN,NaN,NaN,NaN,NaN,NaN,NaN,2023-01-24 7:24:56 AM
32,42,42,1.067772,0.9749405,1.056484,1.146403,1.147705,1.03517,1.031669,0.9152395,0,NaN,NaN,NaN,NaN,NaN,NaN,NaN,NaN,2023-01-24 7:24:56 AM
33,45,45,1.071064,0.9793743,1.057611,1.156058,1.155246,1.032554,1.024509,0.9157239,0,NaN,NaN,NaN,NaN,NaN,NaN,NaN,NaN,2023-01-24 7:24:56 AM
34,43,43,1.065534,0.9799811,1.062836,1.154619,1.158239,1.028517,1.029498,0.9092805,0,NaN,NaN,NaN,NaN,NaN,NaN,NaN,NaN,2023-01-24 7:24:56 AM
35,43,39,1.063448,0.9748095,1.06144,1.162715,1.176922,1.026791,1.027195,0.8910617,4,1.007794,0.9960988,0.9998409,1.005607,0.1510421,0.6625235,1.000398,1.003722,2023-01-24 7:24:56 AM
36,43,39,1.063448,0.9748095,1.06144,1.162715,1.176922,1.026791,1.027195,0.8910617,4,1.007794,0.9960988,0.9998409,1.005607,0.1510421,0.6625235,1.000398,1.003722,2023-01-24 7:24:56 AM
37,44,40,1.066326,0.9755567,1.063814,1.168042,1.181156,1.024587,1.023703,0.8907741,4,1.007794,0.9960988,0.9998409,1.005607,0.1510421,0.6625235,1.000398,1.003722,2023-01-24 7:24:56 AM
38,47,43,1.066339,0.9768103,1.067288,1.176727,1.189418,1.016314,1.030189,0.8862216,4,1.007794,0.9960988,0.9998409,1.005607,0.1510421,0.6625235,1.000398,1.003722,2023-01-24 7:24:57 AM
39,47,43,1.067738,0.9805489,1.065056,1.179663,1.189521,1.01591,1.02502,0.890928,4,1.007794,0.9960988,0.9998409,1.005607,0.1510421,0.6625235,1.000398,1.003722,2023-01-24 7:24:57 AM
40,45,41,1.065362,0.9839836,1.06899,1.18238,1.191386,1.014496,1.029804,0.891369,4,1.007794,0.9960988,0.9998409,1.005607,0.1510421,0.6625235,1.000398,1.003722,2023-01-24 7:24:57 AM
41,47,43,1.065833,0.9878656,1.07664,1.189075,1.196858,1.006581,1.027517,0.8906597,4,1.007794,0.9960988,0.9998409,1.005607,0.1510421,0.6625235,1.000398,1.003722,2023-01-24 7:24:57 AM
42,46,44,1.064388,0.9842128,1.072916,1.184598,1.194124,1.013308,1.03242,0.8879182,2,1.003296,0.9955941,0.9982495,1.009154,0.1508173,0.6592227,0.9838433,1.008856,2023-01-24 7:24:57 AM
43,47,45,1.070773,0.9932173,1.074551,1.194235,1.193389,1.01251,1.022701,0.9020379,2,1.003296,0.9955941,0.9982495,1.009154,0.1508173,0.6592227,0.9838433,1.008856,2023-01-24 7:24:57 AM
44,46,44,1.064556,0.9912665,1.071842,1.191662,1.19732,1.019355,1.031074,0.89291,2,1.003296,0.9955941,0.9982495,1.009154,0.1508173,0.6592227,0.9838433,1.008856,2023-01-24 7:24:57 AM
45,46,44,1.064556,0.9912665,1.071842,1.191662,1.19732,1.019355,1.031074,0.89291,2,1.003296,0.9955941,0.9982495,1.009154,0.1508173,0.6592227,0.9838433,1.008856,2023-01-24 7:24:58 AM
46,46,44,1.057148,0.9880713,1.072516,1.188874,1.203409,1.01515,1.038645,0.8820665,2,1.003296,0.9955941,0.9982495,1.009154,0.1508173,0.6592227,0.9838433,1.008856,2023-01-24 7:24:58 AM
47,46,44,1.057148,0.9880713,1.072516,1.188874,1.203409,1.01515,1.038645,0.8820665,2,1.003296,0.9955941,0.9982495,1.009154,0.1508173,0.6592227,0.9838433,1.008856,2023-01-24 7:24:58 AM
48,45,43,1.068903,0.9968905,1.075166,1.208369,1.210249,1.008657,1.030036,0.8921194,2,1.003296,0.9955941,0.9982495,1.009154,0.1508173,0.6592227,0.9838433,1.008856,2023-01-24 7:24:58 AM
49,45,43,1.068903,0.9968905,1.075166,1.208369,1.210249,1.008657,1.030036,0.8921194,2,1.003296,0.9955941,0.9982495,1.009154,0.1508173,0.6592227,0.9838433,1.008856,2023-01-24 7:24:58 AM
50,46,44,1.070346,1.001844,1.08097,1.215097,1.213246,1.004964,1.028107,0.8951399,2,1.003296,0.9955941,0.9982495,1.009154,0.1508173,0.6592227,0.9838433,1.008856,2023-01-24 7:24:58 AM
51,43,41,1.072327,1.001137,1.082206,1.21822,1.21739,0.9984325,1.021431,0.8923481,2,1.003296,0.9955941,0.9982495,1.009154,0.1508173,0.6592227,0.9838433,1.008856,2023-01-24 7:24:58 AM
52,42,40,1.070645,1.000118,1.092267,1.216962,1.219391,0.9947109,1.019471,0.888841,2,1.003296,0.9955941,0.9982495,1.009154,0.1508173,0.6592227,0.9838433,1.008856,2023-01-24 7:24:58 AM
53,46,44,1.07288,1.004125,1.083527,1.219343,1.214604,1.008013,1.024251,0.8967188,2,1.003296,0.9955941,0.9982495,1.009154,0.1508173,0.6592227,0.9838433,1.008856,2023-01-24 7:24:58 AM
54,44,42,1.071125,1.002457,1.07947,1.217508,1.21477,1.011668,1.026489,0.8940104,2,1.003296,0.9955941,0.9982495,1.009154,0.1508173,0.6592227,0.9838433,1.008856,2023-01-24 7:24:59 AM
55,43,41,1.073493,1.003529,1.07555,1.222788,1.218876,1.006463,1.024825,0.8940539,2,1.003296,0.9955941,0.9982495,1.009154,0.1508173,0.6592227,0.9838433,1.008856,2023-01-24 7:24:59 AM
56,44,42,1.072133,1.001155,1.078614,1.2183,1.214947,1.003644,1.029735,0.893521,2,1.003296,0.9955941,0.9982495,1.009154,0.1508173,0.6592227,0.9838433,1.008856,2023-01-24 7:24:59 AM
57,44,42,1.072133,1.001155,1.078614,1.2183,1.214947,1.003644,1.029735,0.893521,2,1.003296,0.9955941,0.9982495,1.009154,0.1508173,0.6592227,0.9838433,1.008856,2023-01-24 7:24:59 AM
58,43,41,1.072343,0.9993708,1.083569,1.219744,1.219329,1.005981,1.026431,0.8883967,2,1.003296,0.9955941,0.9982495,1.009154,0.1508173,0.6592227,0.9838433,1.008856,2023-01-24 7:24:59 AM
59,44,42,1.07335,0.9997605,1.085856,1.224952,1.224314,1.0051,1.028366,0.8861123,2,1.003296,0.9955941,0.9982495,1.009154,0.1508173,0.6592227,0.9838433,1.008856,2023-01-24 7:24:59 AM
60,45,43,1.073111,0.9999094,1.082506,1.22301,1.222298,1.008563,1.027322,0.8873711,2,1.003296,0.9955941,0.9982495,1.009154,0.1508173,0.6592227,0.9838433,1.008856,2023-01-24 7:24:59 AM
61,44,42,1.069399,0.9932432,1.087986,1.225099,1.237665,1.004906,1.02697,0.8674275,2,1.003296,0.9955941,0.9982495,1.009154,0.1508173,0.6592227,0.9838433,1.008856,2023-01-24 7:24:59 AM
62,45,42,1.071792,1.001132,1.093067,1.239391,1.245645,1.003821,1.028478,0.870403,3,0.9715667,1.019582,0.9985209,1.040788,0.1519521,0.6527629,0.9974964,1.038051,2023-01-24 7:25:00 AM
63,45,42,1.071792,1.001132,1.093067,1.239391,1.245645,1.003821,1.028478,0.870403,3,0.9715667,1.019582,0.9985209,1.040788,0.1519521,0.6527629,0.9974964,1.038051,2023-01-24 7:25:00 AM
64,43,40,1.075016,1.002447,1.09655,1.248949,1.253456,0.9970649,1.029356,0.8686932,3,0.9715667,1.019582,0.9985209,1.040788,0.1519521,0.6527629,0.9974964,1.038051,2023-01-24 7:25:00 AM
65,47,44,1.075644,0.9958819,1.102894,1.25697,1.269203,0.9834166,1.028366,0.85382,3,0.9715667,1.019582,0.9985209,1.040788,0.1519521,0.6527629,0.9974964,1.038051,2023-01-24 7:25:00 AM
66,47,44,1.075644,0.9958819,1.102894,1.25697,1.269203,0.9834166,1.028366,0.85382,3,0.9715667,1.019582,0.9985209,1.040788,0.1519521,0.6527629,0.9974964,1.038051,2023-01-24 7:25:00 AM
67,47,44,1.075644,0.9958819,1.102894,1.25697,1.269203,0.9834166,1.028366,0.85382,3,0.9715667,1.019582,0.9985209,1.040788,0.1519521,0.6527629,0.9974964,1.038051,2023-01-24 7:25:00 AM
68,46,43,1.079214,0.9952782,1.108776,1.264201,1.275447,0.975639,1.026784,0.8526759,3,0.9715667,1.019582,0.9985209,1.040788,0.1519521,0.6527629,0.9974964,1.038051,2023-01-24 7:25:00 AM
69,46,43,1.071821,0.9863577,1.107659,1.25342,1.277075,0.9756466,1.033204,0.8374383,3,0.9715667,1.019582,0.9985209,1.040788,0.1519521,0.6527629,0.9974964,1.038051,2023-01-24 7:25:00 AM
70,46,43,1.071821,0.9863577,1.107659,1.25342,1.277075,0.9756466,1.033204,0.8374383,3,0.9715667,1.019582,0.9985209,1.040788,0.1519521,0.6527629,0.9974964,1.038051,2023-01-24 7:25:00 AM
71,45,43,1.069702,0.9835381,1.105685,1.254976,1.285107,0.9747688,1.032175,0.8283371,2,1.003296,0.9955941,0.9982495,1.009154,0.1508173,0.6592227,0.9838433,1.008856,2023-01-24 7:25:00 AM
72,44,42,1.070972,0.9854358,1.103339,1.260231,1.290613,0.9768329,1.02744,0.8273054,2,1.003296,0.9955941,0.9982495,1.009154,0.1508173,0.6592227,0.9838433,1.008856,2023-01-24 7:25:01 AM
73,43,41,1.072655,0.986243,1.103063,1.265207,1.296061,0.9785108,1.023047,0.8256764,2,1.003296,0.9955941,0.9982495,1.009154,0.1508173,0.6592227,0.9838433,1.008856,2023-01-24 7:25:01 AM
74,43,41,1.072655,0.986243,1.103063,1.265207,1.296061,0.9785108,1.023047,0.8256764,2,1.003296,0.9955941,0.9982495,1.009154,0.1508173,0.6592227,0.9838433,1.008856,2023-01-24 7:25:01 AM
75,42,40,1.075343,0.9846962,1.101312,1.268695,1.29863,0.9811478,1.023363,0.8251251,2,1.003296,0.9955941,0.9982495,1.009154,0.1508173,0.6592227,0.9838433,1.008856,2023-01-24 7:25:01 AM
76,43,41,1.075837,0.981007,1.099315,1.265911,1.298196,0.9831814,1.022825,0.8223884,2,1.003296,0.9955941,0.9982495,1.009154,0.1508173,0.6592227,0.9838433,1.008856,2023-01-24 7:25:01 AM
77,41,39,1.077477,0.982034,1.099437,1.273889,1.306981,0.9797333,1.019509,0.8188007,2,1.003296,0.9955941,0.9982495,1.009154,0.1508173,0.6592227,0.9838433,1.008856,2023-01-24 7:25:01 AM
78,40,38,1.080062,0.9814444,1.103034,1.279613,1.31264,0.9814811,1.018251,0.8166432,2,1.003296,0.9955941,0.9982495,1.009154,0.1508173,0.6592227,0.9838433,1.008856,2023-01-24 7:25:01 AM
79,41,39,1.077012,0.9846428,1.096623,1.277253,1.308982,0.9826927,1.022924,0.8190042,2,1.003296,0.9955941,0.9982495,1.009154,0.1508173,0.6592227,0.9838433,1.008856,2023-01-24 7:25:01 AM
80,39,37,1.077616,0.9904852,1.105521,1.28619,1.315541,0.9787304,1.020087,0.8207763,2,1.003296,0.9955941,0.9982495,1.009154,0.1508173,0.6592227,0.9838433,1.008856,2023-01-24 7:25:01 AM
81,41,39,1.080423,0.9920111,1.104579,1.294352,1.321922,0.9856904,1.019718,0.8200275,2,1.003296,0.9955941,0.9982495,1.009154,0.1508173,0.6592227,0.9838433,1.008856,2023-01-24 7:25:02 AM
82,41,39,1.080423,0.9920111,1.104579,1.294352,1.321922,0.9856904,1.019718,0.8200275,2,1.003296,0.9955941,0.9982495,1.009154,0.1508173,0.6592227,0.9838433,1.008856,2023-01-24 7:25:02 AM
83,41,39,1.081319,0.9909872,1.105522,1.297969,1.327358,0.9871439,1.018391,0.8156011,2,1.003296,0.9955941,0.9982495,1.009154,0.1508173,0.6592227,0.9838433,1.008856,2023-01-24 7:25:02 AM
84,40,38,1.079639,0.9913253,1.108913,1.301177,1.333917,0.9863521,1.016927,0.8097228,2,1.003296,0.9955941,0.9982495,1.009154,0.1508173,0.6592227,0.9838433,1.008856,2023-01-24 7:25:02 AM
85,41,39,1.078115,0.9905919,1.107824,1.300468,1.335454,0.9927424,1.018798,0.8070287,2,1.003296,0.9955941,0.9982495,1.009154,0.1508173,0.6592227,0.9838433,1.008856,2023-01-24 7:25:02 AM
86,41,39,1.078115,0.9905919,1.107824,1.300468,1.335454,0.9927424,1.018798,0.8070287,2,1.003296,0.9955941,0.9982495,1.009154,0.1508173,0.6592227,0.9838433,1.008856,2023-01-24 7:25:02 AM
87,40,38,1.081353,0.9835473,1.111937,1.296173,1.335388,0.9888889,1.010353,0.8028593,2,1.003296,0.9955941,0.9982495,1.009154,0.1508173,0.6592227,0.9838433,1.008856,2023-01-24 7:25:02 AM
88,40,38,1.081353,0.9835473,1.111937,1.296173,1.335388,0.9888889,1.010353,0.8028593,2,1.003296,0.9955941,0.9982495,1.009154,0.1508173,0.6592227,0.9838433,1.008856,2023-01-24 7:25:03 AM
89,42,40,1.081458,0.9928223,1.12902,1.315508,1.349523,0.9813364,1.015491,0.8010963,2,1.003296,0.9955941,0.9982495,1.009154,0.1508173,0.6592227,0.9838433,1.008856,2023-01-24 7:25:03 AM
90,41,39,1.084286,0.9926854,1.133802,1.319629,1.352387,0.9805024,1.012424,0.8015574,2,1.003296,0.9955941,0.9982495,1.009154,0.1508173,0.6592227,0.9838433,1.008856,2023-01-24 7:25:03 AM
91,40,38,1.085003,0.9949753,1.138695,1.326345,1.357186,0.9820271,1.016567,0.8011187,2,1.003296,0.9955941,0.9982495,1.009154,0.1508173,0.6592227,0.9838433,1.008856,2023-01-24 7:25:03 AM
92,40,38,1.085003,0.9949753,1.138695,1.326345,1.357186,0.9820271,1.016567,0.8011187,2,1.003296,0.9955941,0.9982495,1.009154,0.1508173,0.6592227,0.9838433,1.008856,2023-01-24 7:25:03 AM
93,43,41,1.086889,0.9938949,1.134107,1.33136,1.362561,0.9892272,1.019359,0.7993066,2,1.003296,0.9955941,0.9982495,1.009154,0.1508173,0.6592227,0.9838433,1.008856,2023-01-24 7:25:03 AM
94,41,39,1.091308,0.9930191,1.137772,1.334695,1.364424,0.9771626,1.011534,0.8011786,2,1.003296,0.9955941,0.9982495,1.009154,0.1508173,0.6592227,0.9838433,1.008856,2023-01-24 7:25:03 AM
95,46,44,1.088122,0.9871632,1.126251,1.32738,1.365688,0.9954259,1.012038,0.79454,2,1.003296,0.9955941,0.9982495,1.009154,0.1508173,0.6592227,0.9838433,1.008856,2023-01-24 7:25:03 AM
96,58,56,1.082632,0.9805018,1.135203,1.324,1.372453,1.000424,1.015182,0.7822136,2,1.003296,0.9955941,0.9982495,1.009154,0.1508173,0.6592227,0.9838433,1.008856,2023-01-24 7:25:03 AM
97,70,68,1.08879,0.9780456,1.132841,1.335824,1.387592,0.9885582,1.00146,0.7768297,2,1.003296,0.9955941,0.9982495,1.009154,0.1508173,0.6592227,0.9838433,1.008856,2023-01-24 7:25:03 AM
98,81,79,1.086806,0.9796854,1.136389,1.336365,1.389181,0.979278,0.9999892,0.7756975,2,1.003296,0.9955941,0.9982495,1.009154,0.1508173,0.6592227,0.9838433,1.008856,2023-01-24 7:25:04 AM
99,96,94,1.094328,0.9842755,1.138625,1.358591,1.402629,0.987358,0.999912,0.7792381,2,1.003296,0.9955941,0.9982495,1.009154,0.1508173,0.6592227,0.9838433,1.008856,2023-01-24 7:25:04 AM
100,101,99,1.096074,0.9840572,1.138185,1.364875,1.408898,0.9831525,0.9987014,0.7763566,2,1.003296,0.9955941,0.9982495,1.009154,0.1508173,0.6592227,0.9838433,1.008856,2023-01-24 7:25:04 AM
101,112,110,1.100066,0.9794084,1.140087,1.375061,1.422575,0.9766429,0.9962121,0.7688183,2,1.003296,0.9955941,0.9982495,1.009154,0.1508173,0.6592227,0.9838433,1.008856,2023-01-24 7:25:04 AM
102,118,116,1.100476,0.9793296,1.143394,1.378914,1.425622,0.976125,0.9975887,0.7674989,2,1.003296,0.9955941,0.9982495,1.009154,0.1508173,0.6592227,0.9838433,1.008856,2023-01-24 7:25:04 AM
103,118,116,1.101062,0.9807884,1.147548,1.381608,1.426884,0.9773749,0.9970456,0.7683887,2,1.003296,0.9955941,0.9982495,1.009154,0.1508173,0.6592227,0.9838433,1.008856,2023-01-24 7:25:04 AM
104,123,121,1.099633,0.9768427,1.14801,1.378347,1.428464,0.9755856,0.9932286,0.7634628,2,1.003296,0.9955941,0.9982495,1.009154,0.1508173,0.6592227,0.9838433,1.008856,2023-01-24 7:25:04 AM
105,125,122,1.098699,0.9778658,1.148819,1.377106,1.427017,0.9782928,0.9936014,0.7643182,3,0.9728357,1.029835,1.025393,1.023373,0.1503688,0.6598276,1.016577,0.9845333,2023-01-24 7:25:05 AM
106,125,122,1.100401,0.9760612,1.147699,1.380829,1.431135,0.9809983,0.9914669,0.7620947,3,0.9728357,1.029835,1.025393,1.023373,0.1503688,0.6598276,1.016577,0.9845333,2023-01-24 7:25:05 AM
107,125,122,1.099755,0.975483,1.146062,1.380353,1.431351,0.9822293,0.9928936,0.7610639,3,0.9728357,1.029835,1.025393,1.023373,0.1503688,0.6598276,1.016577,0.9845333,2023-01-24 7:25:05 AM
108,128,125,1.101265,0.9724666,1.143525,1.383504,1.437048,0.9865091,0.9894948,0.7570916,3,0.9728357,1.029835,1.025393,1.023373,0.1503688,0.6598276,1.016577,0.9845333,2023-01-24 7:25:05 AM
109,130,126,1.101272,0.9698214,1.143812,1.388577,1.445282,0.9889475,0.991129,0.7526779,4,1.001753,1.020975,0.9972126,1.020331,0.1528243,0.6734678,0.9894827,0.9806325,2023-01-24 7:25:05 AM
110,132,128,1.102582,0.9666541,1.140285,1.398356,1.458081,0.993406,0.990689,0.746494,4,1.001753,1.020975,0.9972126,1.020331,0.1528243,0.6734678,0.9894827,0.9806325,2023-01-24 7:25:05 AM
111,133,129,1.107453,0.9659776,1.138986,1.397114,1.453316,0.9942574,0.9880659,0.7496147,4,1.001753,1.020975,0.9972126,1.020331,0.1528243,0.6734678,0.9894827,0.9806325,2023-01-24 7:25:05 AM
112,134,130,1.107465,0.9658639,1.137472,1.400011,1.457314,0.9970182,0.9876429,0.7476529,4,1.001753,1.020975,0.9972126,1.020331,0.1528243,0.6734678,0.9894827,0.9806325,2023-01-24 7:25:05 AM
113,134,130,1.107755,0.9673975,1.137468,1.405784,1.46243,0.9963074,0.9885237,0.7467346,4,1.001753,1.020975,0.9972126,1.020331,0.1528243,0.6734678,0.9894827,0.9806325,2023-01-24 7:25:06 AM
114,136,132,1.109277,0.9681904,1.136552,1.410318,1.465684,1.000013,0.9875689,0.7473359,4,1.001753,1.020975,0.9972126,1.020331,0.1528243,0.6734678,0.9894827,0.9806325,2023-01-24 7:25:06 AM
115,138,134,1.109388,0.968054,1.132706,1.413086,1.470096,1.001805,0.985289,0.7456003,4,1.001753,1.020975,0.9972126,1.020331,0.1528243,0.6734678,0.9894827,0.9806325,2023-01-24 7:25:06 AM
116,143,139,1.115458,0.9624301,1.128619,1.421029,1.479051,1.007669,0.9816336,0.7402261,4,1.001753,1.020975,0.9972126,1.020331,0.1528243,0.6734678,0.9894827,0.9806325,2023-01-24 7:25:06 AM
117,144,140,1.119818,0.9629919,1.128645,1.430918,1.484658,1.010129,0.9826558,0.7406196,4,1.001753,1.020975,0.9972126,1.020331,0.1528243,0.6734678,0.9894827,0.9806325,2023-01-24 7:25:06 AM
118,140,136,1.123388,0.9662805,1.12792,1.437146,1.485116,1.007915,0.9835988,0.7449756,4,1.001753,1.020975,0.9972126,1.020331,0.1528243,0.6734678,0.9894827,0.9806325,2023-01-24 7:25:06 AM
119,141,137,1.126238,0.9646993,1.126145,1.446257,1.493316,1.010838,0.9853853,0.7413001,4,1.001753,1.020975,0.9972126,1.020331,0.1528243,0.6734678,0.9894827,0.9806325,2023-01-24 7:25:06 AM
120,144,140,1.128811,0.9636704,1.123755,1.453621,1.49879,1.014431,0.9867232,0.7391841,4,1.001753,1.020975,0.9972126,1.020331,0.1528243,0.6734678,0.9894827,0.9806325,2023-01-24 7:25:07 AM
121,144,140,1.134393,0.9594444,1.121681,1.47155,1.51698,1.016768,0.9868999,0.7307779,4,1.001753,1.020975,0.9972126,1.020331,0.1528243,0.6734678,0.9894827,0.9806325,2023-01-24 7:25:07 AM
122,142,138,1.134848,0.9590623,1.121771,1.473727,1.519649,1.015323,0.9857334,0.7294461,4,1.001753,1.020975,0.9972126,1.020331,0.1528243,0.6734678,0.9894827,0.9806325,2023-01-24 7:25:07 AM
123,145,141,1.142496,0.9547618,1.120659,1.488735,1.530712,1.020009,0.9864771,0.7259993,4,1.001753,1.020975,0.9972126,1.020331,0.1528243,0.6734678,0.9894827,0.9806325,2023-01-24 7:25:07 AM
124,144,139,1.147683,0.952258,1.122762,1.49576,1.534048,1.022608,0.9873747,0.7251139,5,1.012511,0.9984406,1.012112,1.034961,0.1530395,0.665329,0.9769338,0.9836067,2023-01-24 7:25:07 AM
125,141,136,1.148763,0.9518805,1.121554,1.500359,1.53841,1.023971,0.9874293,0.7235118,5,1.012511,0.9984406,1.012112,1.034961,0.1530395,0.665329,0.9769338,0.9836067,2023-01-24 7:25:08 AM
126,138,133,1.150627,0.9514369,1.123561,1.506837,1.544966,1.022441,0.9859974,0.7211806,5,1.012511,0.9984406,1.012112,1.034961,0.1530395,0.665329,0.9769338,0.9836067,2023-01-24 7:25:08 AM
127,137,132,1.15164,0.952161,1.122532,1.51038,1.547485,1.024611,0.9857671,0.7212483,5,1.012511,0.9984406,1.012112,1.034961,0.1530395,0.665329,0.9769338,0.9836067,2023-01-24 7:25:08 AM
128,138,133,1.150536,0.9530267,1.122189,1.512944,1.551542,1.024468,0.9848547,0.7198519,5,1.012511,0.9984406,1.012112,1.034961,0.1530395,0.665329,0.9769338,0.9836067,2023-01-24 7:25:08 AM
129,137,131,1.150195,0.95226,1.120301,1.513676,1.554021,1.024374,0.9825598,0.7183481,6,0.9964307,1.01224,1.009917,1.029134,0.1525809,0.6633899,0.9732697,1.003307,2023-01-24 7:25:08 AM
130,138,132,1.155762,0.9521531,1.119094,1.52701,1.563005,1.029575,0.9822342,0.7173525,6,0.9964307,1.01224,1.009917,1.029134,0.1525809,0.6633899,0.9732697,1.003307,2023-01-24 7:25:08 AM
131,135,129,1.158383,0.9544156,1.121975,1.535355,1.566893,1.028917,0.9828862,0.7193975,6,0.9964307,1.01224,1.009917,1.029134,0.1525809,0.6633899,0.9732697,1.003307,2023-01-24 7:25:08 AM
132,133,127,1.156292,0.9518139,1.119561,1.547499,1.586964,1.031382,0.978628,0.7076007,6,0.9964307,1.01224,1.009917,1.029134,0.1525809,0.6633899,0.9732697,1.003307,2023-01-24 7:25:09 AM
